{
	"partitions" : [
		{
			"name" : "Top",
			"pins" : [
				{
					"name" : "SUM[0]",
					"strict" : false
				},
				{
					"name" : "SUM[1]",
					"strict" : false
				},
				{
					"name" : "SUM[2]",
					"strict" : false
				},
				{
					"name" : "SUM[3]",
					"strict" : false
				},
				{
					"name" : "SUM[4]",
					"strict" : false
				},
				{
					"name" : "SUM[5]",
					"strict" : false
				},
				{
					"name" : "SUM[6]",
					"strict" : false
				},
				{
					"name" : "SUM[7]",
					"strict" : false
				},
				{
					"name" : "SUM[8]",
					"strict" : false
				},
				{
					"name" : "SUM[9]",
					"strict" : false
				},
				{
					"name" : "SUM[10]",
					"strict" : false
				},
				{
					"name" : "SUM[11]",
					"strict" : false
				},
				{
					"name" : "SUM[12]",
					"strict" : false
				},
				{
					"name" : "SUM[13]",
					"strict" : false
				},
				{
					"name" : "SUM[14]",
					"strict" : false
				},
				{
					"name" : "SUM[15]",
					"strict" : false
				},
				{
					"name" : "SUM[16]",
					"strict" : false
				},
				{
					"name" : "SUM[17]",
					"strict" : false
				},
				{
					"name" : "SUM[18]",
					"strict" : false
				},
				{
					"name" : "SUM[19]",
					"strict" : false
				},
				{
					"name" : "SUM2[0]",
					"strict" : false
				},
				{
					"name" : "SUM2[1]",
					"strict" : false
				},
				{
					"name" : "SUM2[2]",
					"strict" : false
				},
				{
					"name" : "SUM2[3]",
					"strict" : false
				},
				{
					"name" : "SUM2[4]",
					"strict" : false
				},
				{
					"name" : "SUM2[5]",
					"strict" : false
				},
				{
					"name" : "SUM2[6]",
					"strict" : false
				},
				{
					"name" : "SUM2[7]",
					"strict" : false
				},
				{
					"name" : "SUM2[8]",
					"strict" : false
				},
				{
					"name" : "SUM2[9]",
					"strict" : false
				},
				{
					"name" : "SUM2[10]",
					"strict" : false
				},
				{
					"name" : "SUM2[11]",
					"strict" : false
				},
				{
					"name" : "SUM2[12]",
					"strict" : false
				},
				{
					"name" : "SUM2[13]",
					"strict" : false
				},
				{
					"name" : "SUM2[14]",
					"strict" : false
				},
				{
					"name" : "SUM2[15]",
					"strict" : false
				},
				{
					"name" : "SUM2[16]",
					"strict" : false
				},
				{
					"name" : "SUM2[17]",
					"strict" : false
				},
				{
					"name" : "SUM2[18]",
					"strict" : false
				},
				{
					"name" : "SUM2[19]",
					"strict" : false
				},
				{
					"name" : "MODE",
					"strict" : false
				},
				{
					"name" : "SEL2[3]",
					"strict" : false
				},
				{
					"name" : "SEL2[2]",
					"strict" : false
				},
				{
					"name" : "SEL2[0]",
					"strict" : false
				},
				{
					"name" : "SEL2[1]",
					"strict" : false
				},
				{
					"name" : "SEL1[2]",
					"strict" : false
				},
				{
					"name" : "SEL1[0]",
					"strict" : false
				},
				{
					"name" : "SEL1[1]",
					"strict" : false
				},
				{
					"name" : "CLK",
					"strict" : false
				}
			]
		}
	]
}